Rating,Email,Comment,Date ,Time
4,chimfekaogboo@gmail.com,There was a challenge with starting when the program was to start - at 9:00 am prompt.,"Monday, 22 November 2021",9:22 pm
4,ijeomaobiadi@yahoo.com,It was great and insightful but then if felt the speakers reached their speech. I'm guessing it's before the number of speakers that had to speak. But it was good generally. ,"Monday, 22 November 2021",9:28 pm
5,seyimorenike@gmail.com,Learnt a lot about a couple of things from the different speakers. The speaker that struck me the most was Ben Chidiaka. He spoke about changing Narratives ,"Monday, 22 November 2021",9:01 pm
5,chisomritagodson@gmail.com,"I took so many notes cause the speakers were just  🔥🔥🔥 it was really enlightening and a true eye opener, looking forward to attending another one 💯💯","Tuesday, 23 November 2021",9:08 am
5,cben58555@gmail.com,"Was really gumsmached with the kind of brilliant ideas from the speakers, although who i really wanted to hear speak(macaroni) didn't show up,but it was still fun without him. I ate 3 packs of small chops to top it all😋😋","Wednesday, 24 November 2021",10:19 am
5,christianachidimma3002@gmail.com,The event was successful. Had a wonderful experience. Came from Enugu to the event in Lagos. It was worth it. I am so grateful. Looking for more of this every year.,"Wednesday, 24 November 2021",10:20 am
4,peaceimalenjaye@gmail.com,"I was motivated, challenged and inspired by all aspects of the conference.","Thursday, 25 November 2021",2:28 pm
4,nenafakoyasmith@gmail.com,I enjoyed the environment and the quality of speakers and their ideas that were worth sharing. The networking was great. And the gifts shared were commendable.,"Friday, 26 November 2021",3:28 pm
5,colins@finetmobile.com,The event was beautiful and informative. The diverse selection of speakers and their ability to focus on the key points is commendable.,"Saturday, 27 November 2021",4:28 pm
4,blessedbona@gmail.com,"I especially enjoyed listening to Ben Chiadika. It was (and is) refreshing to hear someone who believes in the power of storytelling to reposition a people.
Because I also believe that if we tell enough positive stories, we will begin to emulate the people in our stories","Wednesday, 24 November 2021",9:08 am
4,collinsezenwa325@gmail.com,Logistics was a major issue. The lighting was also not coordinated.,"Wednesday, 24 November 2021",10:08 am
4,santilifeaids@gmail.com,"The setting was calm and very comfortable. Also, the sourveniers and feeding was a relief. Thanks so much.","Wednesday, 24 November 2021",11:08 am



    "id": "01fy6x3g8kxfs60b58y29bz56n",
    "widgetId": "01fynt3gzp9py9fjscr1mbh92b",
    "businessId": "01fynss00dnybtjsafm78xjpcf",
    "feedBlockId": "01fy6wsbk2xd6rnkpqsj3q1g2a",
    "feedbackType": "ratings",
    "widgetName": "TEDx Ajao Estate 2021",
    "customerEmail": "chimfekaogboo@gmail.com",
    "comment": "There was a challenge with starting when the program was to start - at 9:00 am prompt.",
    "media": [],
    "channel": "mobile",
    "rating": 4,
    "trash": false,
    "status": "unread",
    "createdAt": {
        "$date": "2021-11-22T20:28:28.275Z"
    },
    "updatedAt": {
        "$date": "2021-11-22T20:28:28.275Z"
    }